<addon id="repository.lisy" name="lisy" version="1.0.0" provider-name="lucas">
    <extension point="xbmc.addon.repository" name="Your Custom Repository">
        <dir>
            <info compressed="false">https://lucasporet.github.io/repository.lisy/addons.xml</info>
            <checksum>https://lucasporet.github.io/repository.lisy/addons.xml.md5</checksum>
            <datadir zip="true">https://lucasporet.github.io/repository.lisy/</datadir>
        </dir>
    </extension>
    <requires>
            <import addon="xbmc.python" version="3.0.0"/>
            <import addon="script.module.requests" version="2.25.0"/>
        </requires>
</addon>
