<?xml version="1.0" encoding="UTF-8" standalone="yes"?>
<addon id="plugin.video.lisy" name="lisy" version="2.0" provider-name="Lucas">
    <requires>
        <import addon="xbmc.python" version="3.0.0"/>
        <import addon="script.module.requests" version="2.25.0"/>
    </requires>
    <extension point="xbmc.python.pluginsource" library="main.py">
        <provides>video</provides>
    </extension>
    <extension point="xbmc.addon.metadata">
        <summary lang="fr_FR">IPTV addon</summary>
        <description lang="fr_FR">IPTV addon</description>
        <platform>all</platform>
    </extension>
</addon>

